{
  "$schema": "../node_modules/@tauri-apps/cli/schema.json",
  "build": {
    "beforeBuildCommand": "npm run build",
    "beforeDevCommand": "npm run dev",
    "devPath": "http://localhost:5173",
    "distDir": "../dist"
  },
  "package": {
    "productName": "GTOS",
    "version": "1.0.0"
  },
  "plugins": {
    "shell": {
      "open": "^https://github.com/"
    },
    "updater": {
      "endpoints": []
    }
  },
  "tauri": {
    "bundle": {
      "active": true,
      "category": "Utility",
      "copyright": "Copyright (C) 2022 Wataru Inariba",
      "deb": {
        "depends": []
      },
      "externalBin": [],
      "icon": [
        "icons/32x32.png",
        "icons/128x128.png",
        "icons/128x128@2x.png",
        "icons/icon.icns",
        "icons/icon.ico"
      ],
      "identifier": "com.gtosolver.cn",
      "longDescription": "",
      "macOS": {
        "entitlements": null,
        "exceptionDomain": "",
        "frameworks": [],
        "minimumSystemVersion": "11.7",
        "providerShortName": null,
        "signingIdentity": null
      },
      "resources": [],
      "shortDescription": "",
      "targets": "all",
      "updater": {
        "active": false
      },
      "windows": {
        "certificateThumbprint": null,
        "digestAlgorithm": "sha256",
        "timestampUrl": ""
      }
    },
    "security": {
      "csp": "default-src 'self'; img-src 'self' data:;; connect-src ipc: http://ipc.localhost"
    },
    "windows": [
      {
        "width": 667,
        "height": 375,
        "title": "GTOS",
        "userAgent":"Mozilla/5.0 (Windows NT 10.0; Win64; x64) AppleWebKit/537.36 (KHTML, like Gecko) Chrome/117.0.0.0 Safari/537.36 isGtosClient/1.0"
      }
    ]
  }
}